prompt,completion
Generate a bio,Empathetic soul. Artist mind. Coding Photography daily. 📍 Tokyo
Generate a bio,Quixotic Developer | Synthesizing the future of Photography. 📍 London
Generate a bio,Building Music with a Innovative perspective. 📍 SF
Generate a bio,Alchemist at heart. Maverick in spirit. Writing AI.
Generate a bio,Redefining Sustainability through the lens of a Quixotic Maven.
Generate a bio,Turning Design into reality. Sanguine Strategist.
Generate a bio,Turning Travel into reality. Driven Alchemist. 📍 Remote
Generate a bio,Authentic Virtuoso | Curating the future of Design.
Generate a bio,Turning Coffee into reality. Vibrant Philosopher. 📍 Tokyo
Generate a bio,Versatile Virtuoso | Exploring the future of AI.
Generate a bio,Disrupting Music with a Eclectic perspective.
Generate a bio,Driven Explorer | Disrupting the future of Art.
Generate a bio,Versatile soul. Artist mind. Coding Sustainability daily.
Generate a bio,Virtuoso at heart. Driven in spirit. Synthesizing Art. 📍 SF
Generate a bio,Redefining Startup through the lens of a Innovative Nomad.
Generate a bio,Navigating Photography with a Authentic perspective.
Generate a bio,Synthesizing Photography with a Stoic perspective. 📍 SF
Generate a bio,Empathetic Maven | Reimagining the future of Music.
Generate a bio,Just a Dynamic Artist obsessed with Design and Design.
Generate a bio,Creator at heart. Intrepid in spirit. Writing AI.
Generate a bio,Redefining Startup through the lens of a Resilient Storyteller.
Generate a bio,Navigating Design with a Visionary perspective.
Generate a bio,Innovative Storyteller | Synthesizing the future of Blockchain.
Generate a bio,Alchemist at heart. Intrepid in spirit. Disrupting Music.
Generate a bio,Just a Empathetic Dreamer obsessed with Photography and Photography. 📍 Remote
Generate a bio,Redefining Sustainability through the lens of a Driven Virtuoso.
Generate a bio,Redefining Coffee through the lens of a Versatile Philosopher. 📍 SF
Generate a bio,Building AI with a Stoic perspective.
Generate a bio,Dreamer at heart. Versatile in spirit. Curating Coffee.
Generate a bio,Philosopher at heart. Driven in spirit. Curating Sustainability.
Generate a bio,Exploring Writing with a Resilient perspective.
Generate a bio,Maverick soul. Dreamer mind. Coding AI daily.
Generate a bio,Maven at heart. Passionate in spirit. Writing AI.
Generate a bio,Coding Tech with a Authentic perspective.
Generate a bio,Vibrant Alchemist | Curating the future of Writing. 📍 Tokyo
Generate a bio,Just a Dynamic Explorer obsessed with Travel and Travel. 📍 SF
Generate a bio,Dynamic Evangelist | Navigating the future of Tech.
Generate a bio,Developer at heart. Resilient in spirit. Designing Travel. 📍 London
Generate a bio,Maven at heart. Vibrant in spirit. Coding Tech.
Generate a bio,Stoic Maven | Writing the future of Art. 📍 SF
Generate a bio,Turning Fitness into reality. Authentic Dreamer.
Generate a bio,Writing Design with a Innovative perspective.
Generate a bio,Redefining Code through the lens of a Versatile Innovator.
Generate a bio,Coding Sustainability with a Vibrant perspective.
Generate a bio,Dreamer at heart. Driven in spirit. Curating Music. 📍 Remote
Generate a bio,Turning Startup into reality. Dedicated Artist.
Generate a bio,Alchemist at heart. Intrepid in spirit. Designing Art.
Generate a bio,Just a Intrepid Explorer obsessed with Startup and Startup.
Generate a bio,Writing Music with a Vibrant perspective.
Generate a bio,Catalyst at heart. Versatile in spirit. Crafting Blockchain.
Generate a bio,Philosopher at heart. Intrepid in spirit. Orchestrating Fitness.
Generate a bio,Stoic Maven | Building the future of Coffee. 📍 SF
Generate a bio,Synthesizing AI with a Driven perspective.
Generate a bio,Innovative Artist | Synthesizing the future of Code.
Generate a bio,Redefining AI through the lens of a Creative Explorer. 📍 London
Generate a bio,Just a Eclectic Dreamer obsessed with Travel and Travel.
Generate a bio,Developer at heart. Visionary in spirit. Writing AI. 📍 Tokyo
Generate a bio,Eclectic soul. Alchemist mind. Synthesizing Sustainability daily.
Generate a bio,Philosopher at heart. Driven in spirit. Coding Sustainability. 📍 Tokyo
Generate a bio,Creative soul. Nomad mind. Coding AI daily.
Generate a bio,Turning AI into reality. Dedicated Dreamer. 📍 London
Generate a bio,Creative soul. Architect mind. Writing Photography daily.
Generate a bio,Intrepid soul. Philosopher mind. Coding Sustainability daily.
Generate a bio,Turning Music into reality. Stoic Explorer.
Generate a bio,Creative Storyteller | Navigating the future of Photography.
Generate a bio,Turning Photography into reality. Eclectic Innovator.
Generate a bio,Sanguine soul. Artist mind. Synthesizing Art daily.
Generate a bio,Nomad at heart. Quixotic in spirit. Reimagining Writing.
Generate a bio,Quixotic Developer | Crafting the future of Writing. 📍 NYC
Generate a bio,Curating Music with a Maverick perspective.
Generate a bio,Turning Startup into reality. Authentic Architect. 📍 Remote
Generate a bio,Intrepid Storyteller | Exploring the future of Code.
Generate a bio,Redefining Travel through the lens of a Quixotic Alchemist.
Generate a bio,Turning Design into reality. Driven Maven.
Generate a bio,Turning Coffee into reality. Authentic Innovator. 📍 Tokyo
Generate a bio,Maverick soul. Alchemist mind. Writing Startup daily.
Generate a bio,Just a Authentic Developer obsessed with Travel and Travel.
Generate a bio,Sanguine soul. Storyteller mind. Designing Photography daily.
Generate a bio,Versatile Developer | Coding the future of Blockchain.
Generate a bio,Curating Art with a Passionate perspective. 📍 London
Generate a bio,Turning Startup into reality. Dynamic Dreamer. 📍 Tokyo
Generate a bio,Synthesizing Startup with a Sanguine perspective. 📍 London
Generate a bio,Just a Creative Strategist obsessed with Blockchain and Blockchain. 📍 Remote
Generate a bio,Crafting Art with a Vibrant perspective.
Generate a bio,Visionary soul. Evangelist mind. Disrupting Writing daily.
Generate a bio,Turning Travel into reality. Vibrant Virtuoso.
Generate a bio,Redefining AI through the lens of a Vibrant Architect.
Generate a bio,Turning Photography into reality. Empathetic Maven.
Generate a bio,Curating Travel with a Driven perspective. 📍 London
Generate a bio,Empathetic soul. Dreamer mind. Coding Music daily.
Generate a bio,Redefining Travel through the lens of a Versatile Evangelist.
Generate a bio,Redefining AI through the lens of a Intrepid Nomad.
Generate a bio,Catalyst at heart. Vibrant in spirit. Navigating Writing.
Generate a bio,Just a Versatile Artist obsessed with Blockchain and Blockchain.
Generate a bio,Redefining AI through the lens of a Maverick Catalyst.
Generate a bio,Versatile Alchemist | Exploring the future of AI.
Generate a bio,Orchestrating Fitness with a Eclectic perspective.
Generate a bio,Just a Creative Dreamer obsessed with Code and Code. 📍 NYC
Generate a bio,Reimagining Blockchain with a Dedicated perspective. 📍 Tokyo
Generate a bio,Turning Design into reality. Authentic Artist.
Generate a bio,Philosopher at heart. Versatile in spirit. Crafting Coffee.
Generate a bio,Creative Storyteller | Synthesizing the future of Startup. 📍 London
Generate a bio,Orchestrating Photography with a Creative perspective.
Generate a bio,Turning Music into reality. Innovative Catalyst.
Generate a bio,Creative soul. Philosopher mind. Crafting Startup daily.
Generate a bio,Authentic Architect | Coding the future of AI.
Generate a bio,Redefining Sustainability through the lens of a Versatile Evangelist.
Generate a bio,Orchestrating Fitness with a Dedicated perspective. 📍 Tokyo
Generate a bio,Crafting Startup with a Sanguine perspective. 📍 Tokyo
Generate a bio,Exploring Blockchain with a Stoic perspective.
Generate a bio,Curating Design with a Quixotic perspective.
Generate a bio,Sanguine soul. Creator mind. Reimagining Photography daily.
Generate a bio,Turning Sustainability into reality. Versatile Alchemist.
Generate a bio,Empathetic soul. Dreamer mind. Navigating Art daily.
Generate a bio,Empathetic soul. Evangelist mind. Synthesizing Design daily.
Generate a bio,Redefining AI through the lens of a Eclectic Storyteller.
Generate a bio,Building Startup with a Creative perspective.
Generate a bio,Dedicated soul. Artist mind. Crafting Startup daily.
Generate a bio,Virtuoso at heart. Quixotic in spirit. Curating Writing.
Generate a bio,Redefining Tech through the lens of a Resilient Storyteller.
Generate a bio,Redefining Tech through the lens of a Eclectic Explorer. 📍 Remote
Generate a bio,Turning Coffee into reality. Resilient Strategist. 📍 Tokyo
Generate a bio,Redefining Travel through the lens of a Innovative Strategist.
Generate a bio,Turning Photography into reality. Innovative Innovator.
Generate a bio,Intrepid soul. Storyteller mind. Orchestrating Music daily.
Generate a bio,Architect at heart. Passionate in spirit. Building Travel.
Generate a bio,Creative soul. Storyteller mind. Building Art daily.
Generate a bio,Strategist at heart. Versatile in spirit. Reimagining Code.
Generate a bio,Redefining Photography through the lens of a Empathetic Innovator. 📍 NYC
Generate a bio,Just a Quixotic Developer obsessed with Music and Music.
Generate a bio,Intrepid soul. Storyteller mind. Exploring Tech daily. 📍 Remote
Generate a bio,Designing Music with a Creative perspective.
Generate a bio,Redefining Coffee through the lens of a Eclectic Philosopher. 📍 Remote
Generate a bio,Alchemist at heart. Maverick in spirit. Crafting Design. 📍 London
Generate a bio,Just a Passionate Nomad obsessed with Startup and Startup.
Generate a bio,Sanguine soul. Catalyst mind. Navigating Coffee daily.
Generate a bio,Maven at heart. Visionary in spirit. Writing Fitness. 📍 SF
Generate a bio,Writing Coffee with a Versatile perspective.
Generate a bio,Redefining Coffee through the lens of a Stoic Developer. 📍 SF
Generate a bio,Vibrant soul. Explorer mind. Navigating Design daily. 📍 NYC
Generate a bio,Driven Innovator | Curating the future of Art. 📍 NYC
Generate a bio,Just a Passionate Philosopher obsessed with Startup and Startup.
Generate a bio,Turning Startup into reality. Empathetic Catalyst.
Generate a bio,Just a Quixotic Philosopher obsessed with Startup and Startup.
Generate a bio,Redefining Music through the lens of a Visionary Explorer.
Generate a bio,Just a Driven Nomad obsessed with Sustainability and Sustainability. 📍 NYC
Generate a bio,Turning Photography into reality. Creative Architect.
Generate a bio,Turning Travel into reality. Creative Innovator.
Generate a bio,Resilient soul. Creator mind. Curating Music daily. 📍 NYC
Generate a bio,Vibrant soul. Philosopher mind. Orchestrating Music daily. 📍 London
Generate a bio,Eclectic soul. Evangelist mind. Reimagining Writing daily.
Generate a bio,Just a Maverick Storyteller obsessed with Writing and Writing.
Generate a bio,Turning Music into reality. Vibrant Innovator.
Generate a bio,Just a Innovative Developer obsessed with Photography and Photography.
Generate a bio,Maverick soul. Innovator mind. Crafting Fitness daily.
Generate a bio,Just a Versatile Alchemist obsessed with Blockchain and Blockchain. 📍 NYC
Generate a bio,Redefining Photography through the lens of a Innovative Maven.
Generate a bio,Just a Sanguine Philosopher obsessed with Code and Code.
Generate a bio,Turning Tech into reality. Eclectic Artist.
Generate a bio,Redefining Code through the lens of a Empathetic Artist. 📍 Remote
Generate a bio,Eclectic soul. Strategist mind. Writing Sustainability daily.
Generate a bio,Turning Design into reality. Dynamic Nomad.
Generate a bio,Designing Music with a Versatile perspective.
Generate a bio,Just a Dedicated Explorer obsessed with Fitness and Fitness.
Generate a bio,Turning Tech into reality. Innovative Catalyst.
Generate a bio,Creative Catalyst | Orchestrating the future of Startup.
Generate a bio,Just a Maverick Maven obsessed with AI and AI. 📍 SF
Generate a bio,Just a Empathetic Developer obsessed with Fitness and Fitness.
Generate a bio,Innovator at heart. Maverick in spirit. Reimagining Writing.
Generate a bio,Just a Dedicated Architect obsessed with Travel and Travel.
Generate a bio,Philosopher at heart. Creative in spirit. Building Sustainability.
Generate a bio,Explorer at heart. Quixotic in spirit. Exploring Travel.
Generate a bio,Just a Stoic Developer obsessed with Fitness and Fitness.
Generate a bio,Coding Travel with a Dedicated perspective.
Generate a bio,Just a Dedicated Evangelist obsessed with Fitness and Fitness.
Generate a bio,Redefining Art through the lens of a Vibrant Explorer.
Generate a bio,Coding Tech with a Versatile perspective.
Generate a bio,Just a Vibrant Dreamer obsessed with Tech and Tech. 📍 Remote
Generate a bio,Driven Evangelist | Crafting the future of Photography. 📍 SF
Generate a bio,Sanguine Maven | Synthesizing the future of Music.
Generate a bio,Passionate Strategist | Coding the future of Tech.
Generate a bio,Driven soul. Storyteller mind. Coding Travel daily.
Generate a bio,Redefining Code through the lens of a Visionary Innovator. 📍 London
Generate a bio,Redefining Art through the lens of a Versatile Developer.
Generate a bio,Eclectic soul. Nomad mind. Crafting Travel daily. 📍 NYC
Generate a bio,Visionary soul. Strategist mind. Building AI daily.
Generate a bio,Maverick Artist | Navigating the future of Code. 📍 Remote
Generate a bio,Stoic soul. Explorer mind. Designing Writing daily.
Generate a bio,Innovative Creator | Orchestrating the future of Code.
Generate a bio,Redefining Writing through the lens of a Intrepid Creator.
Generate a bio,Just a Vibrant Maven obsessed with Blockchain and Blockchain.
Generate a bio,Dedicated soul. Dreamer mind. Building Music daily.
Generate a bio,Sanguine Alchemist | Coding the future of Code.
Generate a bio,Evangelist at heart. Empathetic in spirit. Writing Art.
Generate a bio,Maverick Dreamer | Writing the future of Photography.
Generate a bio,Redefining Blockchain through the lens of a Sanguine Creator.
Generate a bio,Exploring AI with a Maverick perspective. 📍 London
Generate a bio,Navigating Writing with a Maverick perspective. 📍 NYC
Generate a bio,Redefining Code through the lens of a Creative Explorer.
Generate a bio,Maven at heart. Dynamic in spirit. Building Blockchain.
Generate a bio,Just a Visionary Alchemist obsessed with Coffee and Coffee.
Generate a bio,Crafting Startup with a Sanguine perspective.
Generate a bio,Vibrant Architect | Navigating the future of Writing.
Generate a bio,Authentic Architect | Synthesizing the future of Photography. 📍 Tokyo
Generate a bio,Nomad at heart. Dedicated in spirit. Reimagining Music.
Generate a bio,Just a Dynamic Developer obsessed with Blockchain and Blockchain.
Generate a bio,Turning Design into reality. Maverick Developer.
Generate a bio,Stoic soul. Nomad mind. Designing Startup daily.
Generate a bio,Turning Travel into reality. Innovative Developer. 📍 Remote
Generate a bio,Empathetic soul. Storyteller mind. Coding Art daily. 📍 London
Generate a bio,Creative Strategist | Navigating the future of AI. 📍 London
Generate a bio,Turning Photography into reality. Innovative Creator.
Generate a bio,Turning Design into reality. Versatile Explorer.
Generate a bio,Alchemist at heart. Quixotic in spirit. Disrupting Travel.
Generate a bio,Turning Coffee into reality. Driven Innovator.
Generate a bio,Dynamic soul. Architect mind. Coding Travel daily.
Generate a bio,Turning Blockchain into reality. Authentic Nomad. 📍 NYC
Generate a bio,Synthesizing Fitness with a Resilient perspective. 📍 London
Generate a bio,Turning Photography into reality. Creative Evangelist.
Generate a bio,Turning Tech into reality. Passionate Artist.
Generate a bio,Alchemist at heart. Visionary in spirit. Orchestrating Art.
Generate a bio,Just a Vibrant Explorer obsessed with Design and Design.
Generate a bio,Visionary soul. Evangelist mind. Disrupting Blockchain daily.
Generate a bio,Sanguine Dreamer | Curating the future of Sustainability.
Generate a bio,Just a Driven Creator obsessed with Tech and Tech. 📍 Tokyo
Generate a bio,Creator at heart. Intrepid in spirit. Navigating Startup. 📍 Remote
Generate a bio,Stoic Artist | Curating the future of Tech.
Generate a bio,Just a Eclectic Evangelist obsessed with Tech and Tech.
Generate a bio,Turning Art into reality. Intrepid Artist.
Generate a bio,Just a Sanguine Alchemist obsessed with AI and AI.
Generate a bio,Just a Maverick Catalyst obsessed with Fitness and Fitness.
Generate a bio,Just a Intrepid Virtuoso obsessed with AI and AI.
Generate a bio,Passionate soul. Virtuoso mind. Navigating Photography daily.
Generate a bio,Passionate Innovator | Reimagining the future of Coffee.
Generate a bio,Disrupting Sustainability with a Authentic perspective. 📍 London
Generate a bio,Navigating Travel with a Visionary perspective.
Generate a bio,Passionate Maven | Writing the future of Art.
Generate a bio,Redefining Writing through the lens of a Eclectic Developer. 📍 Remote
Generate a bio,Redefining Sustainability through the lens of a Resilient Maven.
Generate a bio,Driven Maven | Building the future of Design.
Generate a bio,Visionary soul. Alchemist mind. Designing Music daily.
Generate a bio,Turning AI into reality. Empathetic Strategist.
Generate a bio,Turning AI into reality. Innovative Catalyst. 📍 Remote
Generate a bio,Maverick Explorer | Disrupting the future of Blockchain. 📍 London
Generate a bio,Versatile Artist | Writing the future of Fitness. 📍 Tokyo
Generate a bio,Quixotic soul. Creator mind. Reimagining Startup daily.
Generate a bio,Stoic Artist | Designing the future of Design.
Generate a bio,Reimagining Music with a Maverick perspective.
Generate a bio,Turning Sustainability into reality. Empathetic Virtuoso.
Generate a bio,Just a Dedicated Architect obsessed with Music and Music.
Generate a bio,Driven Innovator | Writing the future of Design.
Generate a bio,Turning Travel into reality. Intrepid Strategist.
Generate a bio,Quixotic soul. Maven mind. Crafting Music daily.
Generate a bio,Quixotic soul. Developer mind. Writing Startup daily. 📍 Remote
Generate a bio,Redefining Tech through the lens of a Versatile Strategist.
Generate a bio,Navigating AI with a Intrepid perspective.
Generate a bio,Maverick soul. Creator mind. Reimagining Blockchain daily.
Generate a bio,Crafting Fitness with a Driven perspective.
Generate a bio,Virtuoso at heart. Visionary in spirit. Curating Photography.
Generate a bio,Eclectic Creator | Reimagining the future of Sustainability.
Generate a bio,Navigating Blockchain with a Creative perspective. 📍 Remote
Generate a bio,Just a Resilient Architect obsessed with Fitness and Fitness.
Generate a bio,Passionate Architect | Navigating the future of Travel.
Generate a bio,Vibrant soul. Artist mind. Building Blockchain daily. 📍 London
Generate a bio,Turning Design into reality. Maverick Creator.
Generate a bio,Quixotic Strategist | Reimagining the future of Photography.
Generate a bio,Dreamer at heart. Passionate in spirit. Exploring Blockchain.
Generate a bio,Redefining Music through the lens of a Intrepid Artist.
Generate a bio,Dedicated Dreamer | Curating the future of AI. 📍 SF
Generate a bio,Creator at heart. Maverick in spirit. Orchestrating Travel. 📍 London
Generate a bio,Writing Travel with a Eclectic perspective. 📍 SF
Generate a bio,Turning Blockchain into reality. Intrepid Developer.
Generate a bio,Just a Driven Catalyst obsessed with Writing and Writing.
Generate a bio,Building Sustainability with a Innovative perspective.
Generate a bio,Driven Innovator | Orchestrating the future of Writing.
Generate a bio,Turning Startup into reality. Intrepid Creator. 📍 SF
Generate a bio,Architect at heart. Resilient in spirit. Synthesizing Code.
Generate a bio,Redefining Coffee through the lens of a Sanguine Alchemist.
Generate a bio,Turning AI into reality. Intrepid Dreamer.
Generate a bio,Eclectic Strategist | Exploring the future of Sustainability.
Generate a bio,Writing Code with a Driven perspective.
Generate a bio,Crafting Writing with a Empathetic perspective.
Generate a bio,Redefining Coffee through the lens of a Authentic Nomad.
Generate a bio,Designing Code with a Passionate perspective. 📍 Tokyo
Generate a bio,Turning Design into reality. Quixotic Virtuoso.
Generate a bio,Redefining Music through the lens of a Vibrant Artist.
Generate a bio,Innovator at heart. Passionate in spirit. Curating Sustainability.
Generate a bio,Redefining Sustainability through the lens of a Driven Maven. 📍 Remote
Generate a bio,Eclectic Virtuoso | Coding the future of Coffee.
Generate a bio,Orchestrating Startup with a Vibrant perspective.
Generate a bio,Creator at heart. Maverick in spirit. Navigating Art.
Generate a bio,Just a Dedicated Alchemist obsessed with Design and Design.
Generate a bio,Dedicated Innovator | Coding the future of Tech. 📍 SF
Generate a bio,Turning Writing into reality. Resilient Alchemist.
Generate a bio,Sanguine Explorer | Crafting the future of Sustainability. 📍 NYC
Generate a bio,Resilient soul. Nomad mind. Disrupting Blockchain daily. 📍 Tokyo
Generate a bio,Evangelist at heart. Creative in spirit. Writing Sustainability.
Generate a bio,Redefining Fitness through the lens of a Visionary Maven.
Generate a bio,Vibrant soul. Creator mind. Building Sustainability daily.
Generate a bio,Writing Startup with a Sanguine perspective.
Generate a bio,Redefining Photography through the lens of a Passionate Explorer. 📍 Tokyo
Generate a bio,Navigating AI with a Authentic perspective.
Generate a bio,Evangelist at heart. Eclectic in spirit. Building Photography. 📍 SF
Generate a bio,Just a Eclectic Artist obsessed with Art and Art.
Generate a bio,Turning Photography into reality. Sanguine Nomad.
Generate a bio,Turning Sustainability into reality. Passionate Nomad.
Generate a bio,Exploring Photography with a Driven perspective. 📍 NYC
Generate a bio,Just a Creative Philosopher obsessed with Startup and Startup.
Generate a bio,Explorer at heart. Stoic in spirit. Orchestrating Fitness. 📍 SF
Generate a bio,Artist at heart. Quixotic in spirit. Disrupting Coffee.
Generate a bio,Just a Resilient Nomad obsessed with Blockchain and Blockchain. 📍 SF
Generate a bio,Redefining Blockchain through the lens of a Innovative Architect.
Generate a bio,Creator at heart. Passionate in spirit. Exploring Sustainability.
Generate a bio,Redefining Music through the lens of a Resilient Philosopher.
Generate a bio,Redefining Photography through the lens of a Intrepid Architect.
Generate a bio,Turning AI into reality. Driven Architect.
Generate a bio,Disrupting Code with a Passionate perspective. 📍 London
Generate a bio,Dynamic Architect | Curating the future of AI.
Generate a bio,Vibrant soul. Catalyst mind. Coding Fitness daily.
Generate a bio,Turning Music into reality. Maverick Dreamer.
Generate a bio,Turning AI into reality. Authentic Developer.
Generate a bio,Just a Dynamic Architect obsessed with Music and Music.
Generate a bio,Intrepid Developer | Reimagining the future of Tech. 📍 Remote
Generate a bio,Redefining AI through the lens of a Maverick Explorer.
Generate a bio,Just a Visionary Philosopher obsessed with Fitness and Fitness.
Generate a bio,Turning Blockchain into reality. Creative Storyteller.
Generate a bio,Curating Sustainability with a Empathetic perspective.
Generate a bio,Orchestrating Design with a Stoic perspective.
Generate a bio,Maven at heart. Passionate in spirit. Coding Fitness.
Generate a bio,Passionate Nomad | Building the future of Sustainability.
Generate a bio,Curating Photography with a Authentic perspective.
Generate a bio,Authentic Maven | Writing the future of Blockchain.
Generate a bio,Coding Coffee with a Dedicated perspective. 📍 SF
Generate a bio,Virtuoso at heart. Authentic in spirit. Designing Blockchain.
Generate a bio,Just a Dynamic Dreamer obsessed with Blockchain and Blockchain.
Generate a bio,Sanguine Developer | Orchestrating the future of Writing.
Generate a bio,Visionary Dreamer | Crafting the future of Writing. 📍 London
Generate a bio,Just a Creative Alchemist obsessed with Startup and Startup.
Generate a bio,Alchemist at heart. Passionate in spirit. Curating Travel. 📍 NYC
Generate a bio,Evangelist at heart. Creative in spirit. Designing Photography.
Generate a bio,Dreamer at heart. Quixotic in spirit. Writing Writing. 📍 London
Generate a bio,Turning Code into reality. Creative Strategist.
Generate a bio,Sanguine soul. Creator mind. Disrupting Photography daily.
Generate a bio,Versatile soul. Virtuoso mind. Designing Design daily.
Generate a bio,Exploring Design with a Resilient perspective.
Generate a bio,Coding Travel with a Quixotic perspective.
Generate a bio,Redefining Coffee through the lens of a Innovative Artist.
Generate a bio,Turning Coffee into reality. Passionate Catalyst. 📍 SF
Generate a bio,Dedicated Alchemist | Navigating the future of Music.
Generate a bio,Turning Photography into reality. Driven Strategist. 📍 NYC
Generate a bio,Redefining Photography through the lens of a Driven Innovator.
Generate a bio,Turning Blockchain into reality. Innovative Alchemist.
Generate a bio,Navigating Coffee with a Resilient perspective.
Generate a bio,Synthesizing Art with a Intrepid perspective.
Generate a bio,Crafting Fitness with a Eclectic perspective. 📍 NYC
Generate a bio,Turning Travel into reality. Resilient Explorer.
Generate a bio,Innovative soul. Evangelist mind. Orchestrating AI daily. 📍 SF
Generate a bio,Redefining Blockchain through the lens of a Creative Dreamer.
Generate a bio,Orchestrating Writing with a Empathetic perspective.
Generate a bio,Just a Intrepid Architect obsessed with Coffee and Coffee.
Generate a bio,Intrepid soul. Creator mind. Orchestrating Tech daily.
Generate a bio,Turning Sustainability into reality. Vibrant Virtuoso. 📍 London
Generate a bio,Just a Versatile Architect obsessed with Music and Music.
Generate a bio,Innovator at heart. Quixotic in spirit. Synthesizing Photography.
Generate a bio,Turning Travel into reality. Innovative Dreamer.
Generate a bio,Just a Sanguine Evangelist obsessed with Writing and Writing.
Generate a bio,Versatile soul. Artist mind. Exploring Design daily. 📍 London
Generate a bio,Quixotic soul. Creator mind. Curating Fitness daily.
Generate a bio,Quixotic Explorer | Reimagining the future of AI.
Generate a bio,Exploring Tech with a Resilient perspective.
Generate a bio,Resilient soul. Alchemist mind. Orchestrating Tech daily. 📍 Tokyo
Generate a bio,Strategist at heart. Resilient in spirit. Reimagining Startup.
Generate a bio,Creator at heart. Dynamic in spirit. Curating Sustainability.
Generate a bio,Sanguine soul. Dreamer mind. Designing Photography daily.
Generate a bio,Visionary soul. Artist mind. Navigating Design daily.
Generate a bio,Authentic Alchemist | Synthesizing the future of AI. 📍 SF
Generate a bio,Stoic Developer | Synthesizing the future of AI.
Generate a bio,Synthesizing Art with a Quixotic perspective.
Generate a bio,Virtuoso at heart. Passionate in spirit. Disrupting Code.
Generate a bio,Turning Startup into reality. Empathetic Innovator.
Generate a bio,Orchestrating Photography with a Vibrant perspective.
Generate a bio,Turning Coffee into reality. Quixotic Creator.
Generate a bio,Crafting Blockchain with a Empathetic perspective.
Generate a bio,Disrupting Travel with a Quixotic perspective. 📍 Remote
Generate a bio,Redefining Code through the lens of a Dynamic Developer.
Generate a bio,Just a Creative Nomad obsessed with Tech and Tech. 📍 London
Generate a bio,Designing Writing with a Sanguine perspective.
Generate a bio,Just a Maverick Explorer obsessed with Photography and Photography. 📍 NYC
Generate a bio,Turning Code into reality. Dynamic Explorer.
Generate a bio,Visionary Maven | Synthesizing the future of Blockchain.
Generate a bio,Turning Travel into reality. Resilient Catalyst.
Generate a bio,Innovative soul. Dreamer mind. Navigating Design daily. 📍 Remote
Generate a bio,Crafting Photography with a Sanguine perspective.
Generate a bio,Just a Resilient Philosopher obsessed with Design and Design.
Generate a bio,Philosopher at heart. Empathetic in spirit. Navigating Startup. 📍 Remote
Generate a bio,Creative Nomad | Exploring the future of Art.
Generate a bio,Coding AI with a Authentic perspective.
Generate a bio,Turning Coffee into reality. Dedicated Maven.
Generate a bio,Vibrant soul. Maven mind. Disrupting Design daily.
Generate a bio,Just a Creative Storyteller obsessed with Art and Art.
Generate a bio,Redefining Sustainability through the lens of a Intrepid Virtuoso.
Generate a bio,Dynamic Strategist | Exploring the future of Startup.
Generate a bio,Synthesizing Photography with a Stoic perspective.
Generate a bio,Synthesizing Travel with a Eclectic perspective. 📍 Tokyo
Generate a bio,Disrupting Music with a Dynamic perspective.
Generate a bio,Evangelist at heart. Authentic in spirit. Reimagining Coffee.
Generate a bio,Building Coffee with a Empathetic perspective. 📍 Tokyo
Generate a bio,Redefining Music through the lens of a Innovative Architect. 📍 NYC
Generate a bio,Virtuoso at heart. Creative in spirit. Orchestrating Design. 📍 Tokyo
Generate a bio,Turning Art into reality. Dedicated Catalyst.
Generate a bio,Eclectic soul. Catalyst mind. Writing Art daily. 📍 SF
Generate a bio,Redefining Fitness through the lens of a Creative Explorer.
Generate a bio,Designing Art with a Empathetic perspective.
Generate a bio,Redefining Writing through the lens of a Passionate Dreamer. 📍 London
Generate a bio,Strategist at heart. Resilient in spirit. Synthesizing Art. 📍 Tokyo
Generate a bio,Intrepid Nomad | Exploring the future of Travel.
Generate a bio,Creator at heart. Quixotic in spirit. Navigating AI.
Generate a bio,Redefining Design through the lens of a Creative Storyteller.
Generate a bio,Maverick Storyteller | Coding the future of Design.
Generate a bio,Catalyst at heart. Creative in spirit. Designing Writing.
Generate a bio,Passionate Maven | Coding the future of Tech.
Generate a bio,Redefining Fitness through the lens of a Visionary Maven.
Generate a bio,Turning Fitness into reality. Versatile Virtuoso.
Generate a bio,Dedicated Artist | Curating the future of Travel.
Generate a bio,Driven soul. Catalyst mind. Coding Startup daily.
Generate a bio,Just a Innovative Artist obsessed with Startup and Startup. 📍 Tokyo
Generate a bio,Catalyst at heart. Innovative in spirit. Navigating Startup. 📍 NYC
Generate a bio,Storyteller at heart. Versatile in spirit. Disrupting Startup.
Generate a bio,Just a Stoic Innovator obsessed with Photography and Photography.
Generate a bio,Intrepid soul. Innovator mind. Designing Travel daily.
Generate a bio,Redefining Startup through the lens of a Passionate Creator.
Generate a bio,Writing Music with a Visionary perspective.
Generate a bio,Just a Empathetic Strategist obsessed with Travel and Travel.
Generate a bio,Redefining Art through the lens of a Maverick Developer.
Generate a bio,Architect at heart. Intrepid in spirit. Writing Travel.
Generate a bio,Intrepid Artist | Synthesizing the future of AI. 📍 SF
Generate a bio,Stoic soul. Artist mind. Navigating Design daily.
Generate a bio,Intrepid Philosopher | Reimagining the future of Art. 📍 Tokyo
Generate a bio,Creator at heart. Eclectic in spirit. Curating Fitness.
Generate a bio,Just a Stoic Explorer obsessed with Tech and Tech.
Generate a bio,Just a Intrepid Developer obsessed with Blockchain and Blockchain. 📍 London
Generate a bio,Explorer at heart. Creative in spirit. Navigating Tech. 📍 Tokyo
Generate a bio,Visionary soul. Virtuoso mind. Writing Tech daily.
Generate a bio,Redefining Sustainability through the lens of a Versatile Strategist.
Generate a bio,Redefining Startup through the lens of a Versatile Evangelist.
Generate a bio,Orchestrating Art with a Passionate perspective. 📍 SF
Generate a bio,Just a Sanguine Catalyst obsessed with Coffee and Coffee.
Generate a bio,Redefining Fitness through the lens of a Quixotic Virtuoso.
Generate a bio,Just a Dedicated Creator obsessed with Coffee and Coffee.
Generate a bio,Sanguine soul. Maven mind. Crafting Art daily.
Generate a bio,Redefining Travel through the lens of a Empathetic Alchemist. 📍 Tokyo
Generate a bio,Turning Travel into reality. Empathetic Creator.
Generate a bio,Strategist at heart. Creative in spirit. Synthesizing Fitness.
Generate a bio,Redefining Travel through the lens of a Vibrant Philosopher.
Generate a bio,Turning Coffee into reality. Maverick Evangelist.
Generate a bio,Navigating Sustainability with a Stoic perspective.
Generate a bio,Turning Travel into reality. Innovative Virtuoso.
Generate a bio,Intrepid soul. Architect mind. Designing Code daily.
Generate a bio,Empathetic Virtuoso | Reimagining the future of Fitness. 📍 Remote
Generate a bio,Stoic soul. Strategist mind. Building Design daily. 📍 Tokyo
Generate a bio,Passionate soul. Architect mind. Orchestrating Blockchain daily.
Generate a bio,Maverick soul. Explorer mind. Building Sustainability daily.
Generate a bio,Turning Startup into reality. Empathetic Maven.
Generate a bio,Quixotic soul. Strategist mind. Curating Writing daily.
Generate a bio,Evangelist at heart. Authentic in spirit. Disrupting Art.
Generate a bio,Just a Sanguine Explorer obsessed with Blockchain and Blockchain.
Generate a bio,Architect at heart. Versatile in spirit. Synthesizing Coffee. 📍 Tokyo
Generate a bio,Stoic soul. Dreamer mind. Disrupting Art daily.
Generate a bio,Catalyst at heart. Empathetic in spirit. Coding Photography.
Generate a bio,Redefining Code through the lens of a Intrepid Nomad.
Generate a bio,Turning Design into reality. Creative Dreamer.
Generate a bio,Stoic Storyteller | Coding the future of Art.
Generate a bio,Redefining Coffee through the lens of a Intrepid Strategist.
Generate a bio,Sanguine Innovator | Exploring the future of Design.
Generate a bio,Crafting Blockchain with a Maverick perspective.
Generate a bio,Sanguine soul. Storyteller mind. Writing Travel daily.
Generate a bio,Just a Innovative Catalyst obsessed with Fitness and Fitness. 📍 NYC
Generate a bio,Innovative Explorer | Orchestrating the future of Music. 📍 Tokyo
Generate a bio,Turning Fitness into reality. Empathetic Catalyst. 📍 SF
Generate a bio,Quixotic Dreamer | Synthesizing the future of Startup.
Generate a bio,Redefining Design through the lens of a Maverick Evangelist. 📍 London
Generate a bio,Turning Writing into reality. Dedicated Alchemist.
Generate a bio,Redefining Travel through the lens of a Authentic Developer. 📍 London
Generate a bio,Just a Empathetic Nomad obsessed with Startup and Startup.
Generate a bio,Just a Creative Dreamer obsessed with Blockchain and Blockchain.
Generate a bio,Turning Blockchain into reality. Resilient Innovator.
Generate a bio,Turning Blockchain into reality. Passionate Creator.
Generate a bio,Curating Sustainability with a Versatile perspective.
Generate a bio,Just a Quixotic Explorer obsessed with Photography and Photography. 📍 SF
Generate a bio,Turning Art into reality. Dynamic Philosopher.
Generate a bio,Synthesizing Startup with a Stoic perspective.
Generate a bio,Redefining Music through the lens of a Quixotic Developer.
Generate a bio,Dynamic soul. Innovator mind. Reimagining Photography daily.
Generate a bio,Storyteller at heart. Vibrant in spirit. Coding Blockchain.
Generate a bio,Passionate soul. Dreamer mind. Disrupting Writing daily. 📍 London
Generate a bio,Versatile Architect | Coding the future of Design.
Generate a bio,Innovative Evangelist | Orchestrating the future of Music.
Generate a bio,Redefining Startup through the lens of a Stoic Evangelist.
Generate a bio,Just a Eclectic Catalyst obsessed with Coffee and Coffee.
Generate a bio,Redefining Code through the lens of a Versatile Virtuoso.
